(µg/mL) Concentration,Frequency
0.03125,21
0.0625,6
0.12521,8
0.25,19
0.5,17
1,3
